{
    "score": {
        "mean_A": 3.0544832986958235,
        "mean_C": 2.884756449011666,
        "mean_E": 2.9959698065837506,
        "mean_N": 3.1162321658363017,
        "mean_O": 3.1358699193422535,
        "std_A": 1.0093410864848011,
        "std_C": 1.0057408014891414,
        "std_E": 1.011762396638492,
        "std_N": 1.0082717109661798,
        "std_O": 1.0124438753620553,
        "mean_A_abs": 1.3089364778169332,
        "mean_C_abs": 1.2748802062369426,
        "mean_E_abs": 1.2985489651982887,
        "mean_N_abs": 1.0143784098734046,
        "mean_O_abs": 1.6516827877053137,
        "std_A_abs": 0.7192612406230686,
        "std_C_abs": 0.6481527037532951,
        "std_E_abs": 0.6893691599500025,
        "std_N_abs": 0.691504899932253,
        "std_O_abs": 0.7228234582188663,
        "aligned_score_A": 1.3089364778169332,
        "aligned_score_C": 1.2748802062369426,
        "aligned_score_E": 1.2985489651982887,
        "aligned_score_N": 1.0143784098734046,
        "aligned_score_O": 1.6516827877053137,
        "overall_aligned_score": 1.3096853693661763
    },
    "mean": {
        "A": [
            3.0555555555555554,
            3.0555555555555554,
            3.0555555555555554,
            3.0588235294117645,
            3.0555555555555554,
            3.0555555555555554,
            3.0555555555555554,
            3.0555555555555554,
            3.0555555555555554,
            3.0555555555555554,
            3.0555555555555554,
            3.0277777777777777,
            3.0555555555555554,
            3.0555555555555554,
            3.0555555555555554,
            3.0555555555555554,
            3.085714285714286,
            3.0555555555555554,
            2.933333333333333,
            3.0555555555555554,
            3.0555555555555554,
            3.0555555555555554,
            3.0555555555555554,
            3.0555555555555554,
            3.0555555555555554,
            3.0555555555555554,
            3.0555555555555554,
            3.0555555555555554,
            3.138888888888889,
            3.0555555555555554,
            3.0555555555555554
        ],
        "C": [
            2.914285714285714,
            2.888888888888889,
            2.888888888888889,
            2.909090909090909,
            2.888888888888889,
            2.888888888888889,
            2.888888888888889,
            2.888888888888889,
            2.888888888888889,
            2.888888888888889,
            2.888888888888889,
            2.8285714285714287,
            2.8529411764705883,
            2.888888888888889,
            2.914285714285714,
            2.888888888888889,
            2.823529411764706,
            2.8285714285714287,
            3.0,
            2.8823529411764706,
            2.888888888888889,
            2.888888888888889,
            2.888888888888889,
            2.857142857142857,
            2.8823529411764706,
            2.914285714285714,
            2.7714285714285714,
            2.888888888888889,
            2.9375,
            2.888888888888889,
            2.888888888888889
        ],
        "E": [
            3.0,
            3.0,
            3.0,
            2.9714285714285715,
            3.0,
            3.0,
            3.0,
            3.0,
            3.0,
            3.0,
            3.0,
            2.9166666666666665,
            2.9714285714285715,
            3.0,
            2.9714285714285715,
            3.0,
            3.0,
            3.0,
            3.129032258064516,
            3.0,
            2.9714285714285715,
            3.0,
            3.0,
            2.9722222222222223,
            3.0,
            3.0,
            3.0,
            3.0,
            2.9714285714285715,
            3.0,
            3.0
        ],
        "N": [
            3.142857142857143,
            3.085714285714286,
            3.111111111111111,
            3.111111111111111,
            3.111111111111111,
            3.111111111111111,
            3.111111111111111,
            3.0833333333333335,
            3.111111111111111,
            3.0833333333333335,
            3.111111111111111,
            3.142857142857143,
            3.0833333333333335,
            3.142857142857143,
            3.142857142857143,
            3.111111111111111,
            3.1176470588235294,
            3.0833333333333335,
            3.1379310344827585,
            3.0833333333333335,
            3.142857142857143,
            3.111111111111111,
            3.111111111111111,
            3.111111111111111,
            3.142857142857143,
            3.111111111111111,
            3.142857142857143,
            3.142857142857143,
            3.0833333333333335,
            3.142857142857143,
            3.142857142857143
        ],
        "O": [
            3.225806451612903,
            3.142857142857143,
            3.142857142857143,
            3.121212121212121,
            3.111111111111111,
            3.142857142857143,
            3.2058823529411766,
            3.1176470588235294,
            3.142857142857143,
            3.111111111111111,
            3.142857142857143,
            3.1142857142857143,
            3.225806451612903,
            3.142857142857143,
            3.1875,
            3.111111111111111,
            3.142857142857143,
            3.0555555555555554,
            2.8484848484848486,
            3.1515151515151514,
            3.212121212121212,
            3.142857142857143,
            3.088235294117647,
            3.111111111111111,
            3.1142857142857143,
            3.2058823529411766,
            3.1176470588235294,
            3.212121212121212,
            3.1176470588235294,
            3.1515151515151514,
            3.1515151515151514
        ]
    },
    "std": {
        "A": [
            0.9984555975339682,
            0.9984555975339682,
            0.9984555975339682,
            0.9982683969692436,
            0.9984555975339682,
            0.9984555975339682,
            0.9984555975339682,
            0.9984555975339682,
            0.9984555975339682,
            0.9984555975339682,
            0.9984555975339682,
            1.040462266684891,
            0.9984555975339682,
            0.9984555975339682,
            0.9984555975339682,
            0.9984555975339682,
            0.9963197585235827,
            0.9984555975339682,
            1.2631530214330944,
            0.9984555975339682,
            0.9984555975339682,
            0.9984555975339682,
            0.9984555975339682,
            0.9984555975339682,
            0.9984555975339682,
            0.9984555975339682,
            0.9984555975339682,
            0.9984555975339682,
            1.0315247015348412,
            0.9984555975339682,
            0.9984555975339682
        ],
        "C": [
            0.9963197585235826,
            0.9938079899999067,
            0.9938079899999067,
            0.9958591954639384,
            0.9938079899999067,
            0.9938079899999067,
            0.9938079899999067,
            0.9938079899999067,
            0.9938079899999067,
            0.9938079899999067,
            0.9938079899999067,
            1.0277774713488543,
            1.0327676391811436,
            0.9938079899999067,
            0.9963197585235826,
            0.9938079899999067,
            0.9843059135695007,
            1.0277774713488543,
            1.1547005383792515,
            0.9930554715373019,
            1.0743933114340953,
            0.9938079899999067,
            0.9938079899999067,
            0.9897433186107871,
            0.9930554715373019,
            0.9963197585235826,
            1.0165969642661254,
            0.9938079899999067,
            0.998044963916957,
            0.9938079899999067,
            0.9938079899999067
        ],