{
    "score": {
        "mean_A": 3.0555555555555567,
        "mean_C": 2.888888888888887,
        "mean_E": 3.0,
        "mean_N": 3.1129032258064533,
        "mean_O": 3.1129032258064533,
        "std_A": 0.9984555975339686,
        "std_C": 0.9938079899999073,
        "std_E": 1.0,
        "std_N": 0.9935565482961448,
        "std_O": 0.9933510758249952,
        "mean_A_abs": 1.3028673835125448,
        "mean_C_abs": 1.281362007168459,
        "mean_E_abs": 1.3019713261648744,
        "mean_N_abs": 1.0197132616487454,
        "mean_O_abs": 1.6523297491039428,
        "std_A_abs": 0.7173049449736048,
        "std_C_abs": 0.6437365953295684,
        "std_E_abs": 0.686068095021178,
        "std_N_abs": 0.6892736888306278,
        "std_O_abs": 0.7314587937535276,
        "aligned_score_A": 1.3028673835125448,
        "aligned_score_C": 1.281362007168459,
        "aligned_score_E": 1.3019713261648744,
        "aligned_score_N": 1.0197132616487454,
        "aligned_score_O": 1.6523297491039428,
        "overall_aligned_score": 1.3116487455197132
    },
    "mean": {
        "A": [
            3.0555555555555554,
            3.0555555555555554,
            3.0555555555555554,
            3.0555555555555554,
            3.0555555555555554,
            3.0555555555555554,
            3.0555555555555554,
            3.0555555555555554,
            3.0555555555555554,
            3.0555555555555554,
            3.0555555555555554,
            3.0555555555555554,
            3.0555555555555554,
            3.0555555555555554,
            3.0555555555555554,
            3.0555555555555554,
            3.0555555555555554,
            3.0555555555555554,
            3.0555555555555554,
            3.0555555555555554,
            3.0555555555555554,
            3.0555555555555554,
            3.0555555555555554,
            3.0555555555555554,
            3.0555555555555554,
            3.0555555555555554,
            3.0555555555555554,
            3.0555555555555554,
            3.0555555555555554,
            3.0555555555555554,
            3.0555555555555554
        ],
        "C": [
            2.888888888888889,
            2.888888888888889,
            2.888888888888889,
            2.888888888888889,
            2.888888888888889,
            2.888888888888889,
            2.888888888888889,
            2.888888888888889,
            2.888888888888889,
            2.888888888888889,
            2.888888888888889,
            2.888888888888889,
            2.888888888888889,
            2.888888888888889,
            2.888888888888889,
            2.888888888888889,
            2.888888888888889,
            2.888888888888889,
            2.888888888888889,
            2.888888888888889,
            2.888888888888889,
            2.888888888888889,
            2.888888888888889,
            2.888888888888889,
            2.888888888888889,
            2.888888888888889,
            2.888888888888889,
            2.888888888888889,
            2.888888888888889,
            2.888888888888889,
            2.888888888888889
        ],
        "E": [
            3.0,
            3.0,
            3.0,
            3.0,
            3.0,
            3.0,
            3.0,
            3.0,
            3.0,
            3.0,
            3.0,
            3.0,
            3.0,
            3.0,
            3.0,
            3.0,
            3.0,
            3.0,
            3.0,
            3.0,
            3.0,
            3.0,
            3.0,
            3.0,
            3.0,
            3.0,
            3.0,
            3.0,
            3.0,
            3.0,
            3.0
        ],
        "N": [
            3.111111111111111,
            3.111111111111111,
            3.111111111111111,
            3.111111111111111,
            3.111111111111111,
            3.111111111111111,
            3.111111111111111,
            3.111111111111111,
            3.111111111111111,
            3.111111111111111,
            3.111111111111111,
            3.1666666666666665,
            3.111111111111111,
            3.111111111111111,
            3.111111111111111,
            3.111111111111111,
            3.111111111111111,
            3.111111111111111,
            3.111111111111111,
            3.111111111111111,
            3.111111111111111,
            3.111111111111111,
            3.111111111111111,
            3.111111111111111,
            3.111111111111111,
            3.111111111111111,
            3.111111111111111,
            3.111111111111111,
            3.111111111111111,
            3.111111111111111,
            3.111111111111111
        ],
        "O": [
            3.111111111111111,
            3.111111111111111,
            3.111111111111111,
            3.111111111111111,
            3.111111111111111,
            3.111111111111111,
            3.111111111111111,
            3.111111111111111,
            3.111111111111111,
            3.111111111111111,
            3.111111111111111,
            3.2222222222222223,
            3.111111111111111,
            3.111111111111111,
            3.111111111111111,
            3.111111111111111,
            3.111111111111111,
            3.111111111111111,
            3.111111111111111,
            3.111111111111111,
            3.111111111111111,
            3.111111111111111,
            3.111111111111111,
            3.111111111111111,
            3.111111111111111,
            3.111111111111111,
            3.0555555555555554,
            3.111111111111111,
            3.111111111111111,
            3.111111111111111,
            3.111111111111111
        ]
    },
    "std": {
        "A": [
            0.9984555975339682,
            0.9984555975339682,
            0.9984555975339682,
            0.9984555975339682,
            0.9984555975339682,
            0.9984555975339682,
            0.9984555975339682,
            0.9984555975339682,
            0.9984555975339682,
            0.9984555975339682,
            0.9984555975339682,
            0.9984555975339682,
            0.9984555975339682,
            0.9984555975339682,
            0.9984555975339682,
            0.9984555975339682,
            0.9984555975339682,
            0.9984555975339682,
            0.9984555975339682,
            0.9984555975339682,
            0.9984555975339682,
            0.9984555975339682,
            0.9984555975339682,
            0.9984555975339682,
            0.9984555975339682,
            0.9984555975339682,
            0.9984555975339682,
            0.9984555975339682,
            0.9984555975339682,
            0.9984555975339682,
            0.9984555975339682
        ],
        "C": [
            0.9938079899999067,
            0.9938079899999067,
            0.9938079899999067,
            0.9938079899999067,
            0.9938079899999067,
            0.9938079899999067,
            0.9938079899999067,
            0.9938079899999067,
            0.9938079899999067,
            0.9938079899999067,
            0.9938079899999067,
            0.9938079899999067,
            0.9938079899999067,
            0.9938079899999067,
            0.9938079899999067,
            0.9938079899999067,
            0.9938079899999067,
            0.9938079899999067,
            0.9938079899999067,
            0.9938079899999067,
            0.9938079899999067,
            0.9938079899999067,
            0.9938079899999067,
            0.9938079899999067,
            0.9938079899999067,
            0.9938079899999067,
            0.9938079899999067,
            0.9938079899999067,
            0.9938079899999067,
            0.9938079899999067,
            0.9938079899999067
        ],